userName,score,at,content
Paman Naji,5,2026-05-05 05:12:58,eek
Slamet Riyadi,5,2026-05-05 05:00:04,sangatembantu
Rahmat Rahmathidayattullah,5,2026-05-05 04:56:25,Terimakasih Atas konfirmasi dan Vertipikasinya
Ibnu Hajar,5,2026-05-05 04:55:53,perfeck.
Sandi Sartono,5,2026-05-05 04:54:00,perfeck.
Didi supriadi Supriadi,5,2026-05-05 04:53:05,mantap
Mohamad Mahmud,5,2026-05-05 04:49:41,ok sekarang sudah lebih josss trimakasih
Nop Ri,4,2026-05-05 04:41:59,mengapa saya tidak nyaman dengan aplikasih ini disaat sedang main selot
Atok Oleng,5,2026-05-05 04:29:13,bagus
Farhan Berlin,5,2026-05-05 04:24:31,chrom sangat bagus mantap
Alfhajar Fhajar,5,2026-05-05 04:17:00,sangat bagus
Shaquile Zean,5,2026-05-05 04:09:39,mantap
Sadan Ab,5,2026-05-05 03:43:43,sedang mencobanya
aal Alpiansah,5,2026-05-05 03:33:54,mantap
Arief Krisnah Sholikhan,1,2026-05-05 03:16:37,Dari dulu kenapa ngga di kembangkan fitur ganti profile akun google
Amel Sapitri,5,2026-05-05 02:51:22,bagus
Puki Mak,2,2026-05-05 02:37:03,Cukup baik
De'canteen parfume ja'far haddad,1,2026-05-05 02:32:17,saya ingin membuka link lain malah selalu ke link slot
Aninur 93,5,2026-05-05 02:24:47,keren semua d disini
Yanto Geboy,5,2026-05-05 02:23:54,sangat membantu saya
Agus Purnomo,4,2026-05-05 02:18:08,Sangat memuaskan.
Dewi Sukmawati,5,2026-05-05 01:53:40,mantap
Iphone Nowa,5,2026-05-05 01:44:46,untuk maju
Leo321 capricon123,4,2026-05-05 01:09:36,salam sejahtera
Andre 101,2,2026-05-05 01:08:49,"sial lagi download file gede pake kuota niatnya biar lebih cepet, trus karena kuotanya udah mau abis jadi pindah pakai wifi eh file 4gb yang mau selesai tiba tiba ilang, jdi download lagi dari awal. buang buang kuota aja hmm"
Marhani Marhani,5,2026-05-05 01:08:38,mantap jiwa
Sukatno,5,2026-05-05 00:52:42,Crom sangat membantu
TzaMarjan Alsyafir (Zainal Arifin),5,2026-05-05 00:38:27,Penampilan dan kinerja yg bagus.
Joi Joi,5,2026-05-05 00:35:08,Aplikasi bagus
bae pir,5,2026-05-05 00:20:18,trima kasih crome
Hilman Drajat,5,2026-05-05 00:07:24,mau pakai dulu
Ane Ok,5,2026-05-04 23:44:18,mantap tapi suka elorr
Altur 26,1,2026-05-04 23:33:18,Balikin duit saya di gooay main potong aja ko gua laporan pengaduan konsumen duit segitu kan besar buat gua 205.250
Sholawat Offisial,5,2026-05-04 23:01:38,mntapp
Iy Yi,5,2026-05-04 22:35:19,ok..👍👍👍
jago nyosor,5,2026-05-04 21:48:48,good for everything
Aviief Brayen39,5,2026-05-04 21:19:06,Mantap
Firdiana,5,2026-05-04 20:52:37,jangan eror kamu ya
gio gilang,5,2026-05-04 20:45:09,bermenfaat
Abidin,5,2026-05-04 20:38:16,mantap
Rambu Anarki,5,2026-05-04 20:31:17,Ok
Suci Wahyudi,5,2026-05-04 19:53:57,oke mantap
Dian Gg,5,2026-05-04 19:51:28,cakep
Dicky jambinet,3,2026-05-04 19:50:07,"setelah update hyperos, Tidak bisa membuka pintasan dilayar utama device poco f7"
Mutia Lubis,5,2026-05-04 19:25:52,Mantap banget
Dirman Priyatno halawa,5,2026-05-04 19:21:48,sangat senang sekali
An To,5,2026-05-04 19:19:11,sangat bagus
April Kurniawan,4,2026-05-04 19:10:57,Bagus
Johan Ginting,5,2026-05-04 18:39:18,👍
Mas Zakaria,5,2026-05-04 18:38:38,sangat membantu
Sulas Sulas,5,2026-05-04 18:32:37,jangan lemot lah aplikasi nya bagus
Rangas Waelah,5,2026-05-04 18:26:31,nyaman
rio febrian,5,2026-05-04 18:21:10,chrome makin mantapp
Dedi Dedi,5,2026-05-04 18:13:09,ok
Rianah Nah,5,2026-05-04 17:56:25,sangat keren
Dhika Andika,5,2026-05-04 17:46:48,chrome sangat baik di gunakan
Hendro Suwito,5,2026-05-04 17:42:44,baik
Cepi Permana,1,2026-05-04 17:32:05,Ok bagus
Alitiya 69 Alitiya 69,5,2026-05-04 17:31:48,baik
Moji Yono,5,2026-05-04 17:12:54,bagus
Azis Firman,5,2026-05-04 17:11:46,aplikasi chrome dalam handphone saya seperti tidak punya kemampuan apa-apa infinix smart 10
Iding Iding,1,2026-05-04 17:08:04,baik
Awal Siregar,5,2026-05-04 17:02:23,sangat suka
Antoni lbs Anton,4,2026-05-04 17:00:10,Di coba
Disa Ramadhani,1,2026-05-04 16:35:04,sampah
Slamet Waluyo,5,2026-05-04 16:34:14,baik
Kurcaci Caci,5,2026-05-04 16:26:38,👍👍👍
Agus Sad,1,2026-05-04 16:19:17,wah ke ulang mulu
Agus Arfan,5,2026-05-04 16:15:13,"menurut saya google crom sangat bermanfaat, dan sanga layak, pokok nya oke lah"
Boy London,5,2026-05-04 16:15:07,lumayan bagus
Aki Ku,5,2026-05-04 16:05:05,"than'x yah, semoga makin sukses ya bosskuhhh... 🙏"
Sugiyono Bandar,5,2026-05-04 15:49:37,Nice app
Dikii Irpandi,5,2026-05-04 15:31:27,Sangaat bergunaa
Doni Rino,5,2026-05-04 15:22:25,nice
Arta Gusti,5,2026-05-04 15:17:25,bagus
jumadi__aditya 99,5,2026-05-04 15:13:28,bagus
Ahmad sunarja Sunarja,5,2026-05-04 15:11:48,bismillah alhamdulilah
NOVIETRY ARIANI,5,2026-05-04 15:08:25,ok
Jamal Jamal,5,2026-05-04 14:53:00,terbaikya
Muhaimin,4,2026-05-04 14:47:19,aku suka banget deh
Mandau Duri,5,2026-05-04 14:44:43,mantap
Ajau Jau,1,2026-05-04 14:42:52,Kenapa tidak bisa di gunakan
JonoajoVirgo Ajo,5,2026-05-04 14:33:57,Apli kasi chrome memang tepat buat download
Jupri Irfansyah,5,2026-05-04 14:28:50,sangat baik pelayanan
Muksin Ucin,5,2026-05-04 14:05:11,sangat mmbantu
Ongky Kanada,5,2026-05-04 14:05:10,gacor
Zulkarnaen Ahmad,5,2026-05-04 13:51:18,bagus👍👍👍👍👍
Sarip Hidayat,5,2026-05-04 13:40:37,lebih mudah
Putrimita Sari,5,2026-05-04 13:23:35,aplikasinya lengkap semua ada tapi sayangnya suka erorr
Nofi Inkasari,5,2026-05-04 13:15:39,mantap
NINDZA CHANNEL,5,2026-05-04 13:13:52,Bagus sekali
Santri Pekok,1,2026-05-04 13:12:24,"crome busuk, mengecewakan bug bug bug."
Putra Manurung,5,2026-05-04 12:55:43,GAS
Arof 123,5,2026-05-04 12:47:17,bagus
スモール,1,2026-05-04 12:47:01,Karena memunculkan iklan
Beni Saputra,5,2026-05-04 12:45:56,sangat baik
Mlabib GT,1,2026-05-04 12:34:10,kenapa chrome versi baru gabisa di gunain?? Force close terus dan hanya bisa di gunakan versi lama
Centralphonecell Phone cell,5,2026-05-04 12:33:41,"sangat bermanfaat,teks"
Suprii Tiyani,5,2026-05-04 12:30:34,Okey!
Uslann 55,4,2026-05-04 12:29:54,sangat bagus
